"itin_id","mkt_id","mkt_coupons","year","quarter","origin_airport_id","origin_airport_seq_id","origin_city_market_id","origin","origin_country","origin_state_fips","origin_state","origin_state_name","origin_wac","dest_airport_id","dest_airport_seq_id","dest_city_market_id","dest","dest_country","dest_state_fips","dest_state","dest_state_name","dest_wac","airport_group","wac_group","tk_carrier_change","tk_carrier_group","op_carrier_change","op_carrier_group","rp_carrier","tk_carrier","op_carrier","bulk_fare","passengers","mkt_fare","mkt_distance","mkt_distance_group","mkt_miles_flown","non_stop_miles","itin_geo_type","mkt_geo_type","csv_extra_column"
202414832047,20241483204701,1,2024,1,10693,1069302,30693,"BNA","US",47,"TN","Tennessee",54,13931,1393102,33667,"ORF","US",51,"VA","Virginia",38,"BNA:ORF","54:38",0.00,"WN",0.00,"WN","WN","WN","WN",0.00,1.00,189.00,585.00,2,585.00,585.00,2,2,NULL
202414832048,20241483204801,1,2024,1,10693,1069302,30693,"BNA","US",47,"TN","Tennessee",54,13931,1393102,33667,"ORF","US",51,"VA","Virginia",38,"BNA:ORF","54:38",0.00,"WN",0.00,"WN","WN","WN","WN",0.00,2.00,192.00,585.00,2,585.00,585.00,2,2,NULL
202414832049,20241483204901,1,2024,1,10693,1069302,30693,"BNA","US",47,"TN","Tennessee",54,13931,1393102,33667,"ORF","US",51,"VA","Virginia",38,"BNA:ORF","54:38",0.00,"WN",0.00,"WN","WN","WN","WN",0.00,1.00,194.00,585.00,2,585.00,585.00,2,2,NULL
202414832050,20241483205001,1,2024,1,10693,1069302,30693,"BNA","US",47,"TN","Tennessee",54,13931,1393102,33667,"ORF","US",51,"VA","Virginia",38,"BNA:ORF","54:38",0.00,"WN",0.00,"WN","WN","WN","WN",0.00,1.00,203.00,585.00,2,585.00,585.00,2,2,NULL
202414832051,20241483205101,1,2024,1,10693,1069302,30693,"BNA","US",47,"TN","Tennessee",54,13931,1393102,33667,"ORF","US",51,"VA","Virginia",38,"BNA:ORF","54:38",0.00,"WN",0.00,"WN","WN","WN","WN",0.00,2.00,213.00,585.00,2,585.00,585.00,2,2,NULL
202414832052,20241483205201,1,2024,1,10693,1069302,30693,"BNA","US",47,"TN","Tennessee",54,13931,1393102,33667,"ORF","US",51,"VA","Virginia",38,"BNA:ORF","54:38",0.00,"WN",0.00,"WN","WN","WN","WN",0.00,1.00,233.00,585.00,2,585.00,585.00,2,2,NULL
202414832053,20241483205301,1,2024,1,10693,1069302,30693,"BNA","US",47,"TN","Tennessee",54,13931,1393102,33667,"ORF","US",51,"VA","Virginia",38,"BNA:ORF","54:38",0.00,"WN",0.00,"WN","WN","WN","WN",0.00,1.00,239.00,585.00,2,585.00,585.00,2,2,NULL
202414832054,20241483205401,1,2024,1,10693,1069302,30693,"BNA","US",47,"TN","Tennessee",54,13931,1393102,33667,"ORF","US",51,"VA","Virginia",38,"BNA:ORF","54:38",0.00,"WN",0.00,"WN","WN","WN","WN",0.00,1.00,244.00,585.00,2,585.00,585.00,2,2,NULL
202414832055,20241483205501,1,2024,1,10693,1069302,30693,"BNA","US",47,"TN","Tennessee",54,13931,1393102,33667,"ORF","US",51,"VA","Virginia",38,"BNA:ORF","54:38",0.00,"WN",0.00,"WN","WN","WN","WN",0.00,1.00,262.00,585.00,2,585.00,585.00,2,2,NULL
202414832056,20241483205601,1,2024,1,10693,1069302,30693,"BNA","US",47,"TN","Tennessee",54,13931,1393102,33667,"ORF","US",51,"VA","Virginia",38,"BNA:ORF","54:38",0.00,"WN",0.00,"WN","WN","WN","WN",0.00,9.00,280.00,585.00,2,585.00,585.00,2,2,NULL
