"itin_id","coupons","year","quarter","origin","origin_airport_id","origin_airport_seq_id","origin_city_market_id","origin_country","origin_state_fips","origin_state","origin_state_name","origin_wac","round_trip","on_line","dollar_cred","fare_per_mile","rp_carrier","passengers","itin_fare","bulk_fare","distance","distance_group","miles_flown","itin_geo_type","csv_extra_column"
202411903263,1,2024,1,"CVG",11193,1119302,33105,"US",21,"KY","Kentucky",52,0.00,1.00,1,0.2163,"DL",2.00,363.00,0.00,1678.00,4,1678.00,2,NULL
202412091214,1,2024,1,"JAN",12448,1244807,32448,"US",28,"MS","Mississippi",53,0.00,1.00,1,1.0645,"DL",1.00,363.00,0.00,341.00,1,341.00,2,NULL
202412102378,1,2024,1,"JAX",12451,1245102,31136,"US",12,"FL","Florida",33,0.00,1.00,1,0.3092,"DL",1.00,363.00,0.00,1174.00,3,1174.00,2,NULL
202412104390,1,2024,1,"JFK",12478,1247805,31703,"US",36,"NY","New York",22,0.00,1.00,1,0.4776,"DL",2.00,363.00,0.00,760.00,2,760.00,2,NULL
202412138730,1,2024,1,"JFK",12478,1247805,31703,"US",36,"NY","New York",22,0.00,1.00,1,0.1404,"DL",66.00,363.00,0.00,2586.00,6,2586.00,2,NULL
202412113105,1,2024,1,"JFK",12478,1247805,31703,"US",36,"NY","New York",22,0.00,1.00,1,0.2610,"DL",1.00,363.00,0.00,1391.00,3,1391.00,2,NULL
202412107218,1,2024,1,"JFK",12478,1247805,31703,"US",36,"NY","New York",22,0.00,1.00,1,0.2387,"DL",3.00,363.00,0.00,1521.00,4,1521.00,2,NULL
202412132128,1,2024,1,"JFK",12478,1247805,31703,"US",36,"NY","New York",22,0.00,1.00,1,0.3531,"DL",1.00,363.00,0.00,1028.00,3,1028.00,2,NULL
202412120623,1,2024,1,"JFK",12478,1247805,31703,"US",36,"NY","New York",22,0.00,1.00,1,0.1467,"DL",12.00,363.00,0.00,2475.00,5,2475.00,2,NULL
202412128797,1,2024,1,"JFK",12478,1247805,31703,"US",36,"NY","New York",22,0.00,1.00,1,0.3333,"DL",3.00,363.00,0.00,1089.00,3,1089.00,2,NULL
