"itin_id","mkt_id","seq_num","coupons","year","origin_airport_id","origin_airport_seq_id","origin_city_market_id","quarter","origin","origin_country","origin_state_fips","origin_state","origin_state_name","origin_wac","dest_airport_id","dest_airport_seq_id","dest_city_market_id","dest","dest_country","dest_state_fips","dest_state","dest_state_name","dest_wac","break_flag","coupon_type","tk_carrier","op_carrier","rp_carrier","passengers","fare_class","distance","distance_group","gateway","itin_geo_type","coupon_geo_type","csv_extra_column"
202411823730,20241182373001,1,4,2024,10721,1072102,30721,1,"BOS","US",25,"MA","Massachusetts",13,11433,1143302,31295,"DTW","US",26,"MI","Michigan",43,"","A","DL","DL","DL",1.00,"X",632.00,2,"0.00",2,2,NULL
202411843117,20241184311701,1,4,2024,10721,1072102,30721,1,"BOS","US",25,"MA","Massachusetts",13,14869,1486903,34614,"SLC","US",49,"UT","Utah",87,"","A","DL","DL","DL",1.00,"X",2105.00,5,"0.00",2,2,NULL
202411950230,20241195023001,1,4,2024,11433,1143302,31295,1,"DTW","US",26,"MI","Michigan",43,10397,1039707,30397,"ATL","US",13,"GA","Georgia",34,"","A","DL","DL","DL",1.00,"X",594.00,2,"0.00",1,2,NULL
202411971508,20241197150801,1,4,2024,11433,1143302,31295,1,"DTW","US",26,"MI","Michigan",43,13487,1348702,31650,"MSP","US",27,"MN","Minnesota",63,"","A","DL","DL","DL",1.00,"X",528.00,2,"0.00",2,2,NULL
202411855270,20241185527001,1,4,2024,10821,1082106,30852,1,"BWI","US",24,"MD","Maryland",35,10397,1039707,30397,"ATL","US",13,"GA","Georgia",34,"","A","DL","DL","DL",1.00,"X",577.00,2,"0.00",2,2,NULL
202411857459,20241185745901,1,4,2024,10821,1082106,30852,1,"BWI","US",24,"MD","Maryland",35,13487,1348702,31650,"MSP","US",27,"MN","Minnesota",63,"","A","DL","DL","DL",1.00,"X",936.00,2,"0.00",2,2,NULL
202411862349,20241186234901,1,4,2024,10868,1086803,30868,1,"CAE","US",45,"SC","South Carolina",37,10397,1039707,30397,"ATL","US",13,"GA","Georgia",34,"","A","DL","DL","DL",1.00,"X",192.00,1,"0.00",2,2,NULL
202412199379,20241219937901,1,4,2024,12953,1295304,31703,1,"LGA","US",36,"NY","New York",22,10397,1039707,30397,"ATL","US",13,"GA","Georgia",34,"","A","DL","DL","DL",1.00,"X",762.00,2,"0.00",2,2,NULL
202412213736,20241221373601,1,4,2024,12953,1295304,31703,1,"LGA","US",36,"NY","New York",22,14869,1486903,34614,"SLC","US",49,"UT","Utah",87,"","A","DL","DL","DL",1.00,"X",1983.00,4,"0.00",2,2,NULL
202411899463,20241189946301,1,4,2024,11193,1119302,33105,1,"CVG","US",21,"KY","Kentucky",52,10397,1039707,30397,"ATL","US",13,"GA","Georgia",34,"","A","DL","DL","DL",1.00,"X",373.00,1,"0.00",2,2,NULL
