"rp_carrier","origin_state","quarter","total_itin","carrier_share"
"WN","CA",1,152557,28.6746186290947093
"UA","CA",1,88426,16.6205538054388115
"AA","CA",1,84278,15.8408955919613253
"OO","CA",1,60640,11.3978963513198553
"DL","CA",1,56013,10.5282052824287444
"AS","CA",1,30591,5.7498853443803710
"NK","CA",1,14836,2.7885750374040464
"HA","CA",1,12748,2.3961144902148007
"B6","CA",1,12165,2.2865337914545851
"F9","CA",1,8173,1.5361973429969851
"QX","CA",1,5180,0.97363296668596389664
"G4","CA",1,1777,0.33400497718165209350
"XP","CA",1,1482,0.27855676768891862834
"MQ","CA",1,1434,0.26953468614433826791
"MX","CA",1,1259,0.23664168051305570384
"SY","CA",1,469,0.08815325509183727172
"WN","CA",2,183313,28.4571953720363071
"UA","CA",2,108141,16.7876231621727771
"AA","CA",2,99487,15.4441910610691882
"DL","CA",2,74784,11.6093397560585621
"OO","CA",2,60665,9.4175304383463397
"AS","CA",2,37697,5.8520175543450419
"NK","CA",2,20818,3.2317505755459342
"F9","CA",2,14444,2.2422617596880331
"HA","CA",2,14092,2.1876178840711550
"B6","CA",2,12973,2.0139062453913635
"QX","CA",2,7191,1.1163184930709392
"G4","CA",2,3445,0.53479588494359416987
"MX","CA",2,2605,0.40439572722149863934
"XP","CA",2,1969,0.30566417923191202336
"MQ","CA",2,1759,0.27306413980138814073
"SY","CA",2,788,0.12232776700596580722
"WN","CA",3,180535,28.4184462137597320
"UA","CA",3,106479,16.7611141019465616
"AA","CA",3,93796,14.7646527325217150
"DL","CA",3,73016,11.4936232239946858
"OO","CA",3,61865,9.7383176393178377
"AS","CA",3,38092,5.9961528411362656
"NK","CA",3,24061,3.7874995671159216
"F9","CA",3,16787,2.6424818267393282
"HA","CA",3,13036,2.0520279438478515
"B6","CA",3,10944,1.7227212195052843
"QX","CA",3,5818,0.91582529743071493560
"G4","CA",3,3606,0.56762908603216879646
"MX","CA",3,2677,0.42139297374046474435
"MQ","CA",3,2052,0.32301022865724081263
"XP","CA",3,1718,0.27043448968476594351
"SY","CA",3,792,0.12467061456946136628
"WN","CA",4,178763,27.9908932477565854
"UA","CA",4,112104,17.5533588977948695
"AA","CA",4,95925,15.0200345417734680
"DL","CA",4,70886,11.0994023302387704
"OO","CA",4,62899,9.8487897069899334
"AS","CA",4,38367,6.0075440736431863
"NK","CA",4,20151,3.1552641756713803
"F9","CA",4,18432,2.8861013987382701
"HA","CA",4,14254,2.2319058885424969
"B6","CA",4,9908,1.5514047666394738
"QX","CA",4,6732,1.0541034405547979
"MQ","CA",4,3006,0.47068255233329210033
"MX","CA",4,2299,0.35997976973194894832
"G4","CA",4,2170,0.33978081788531066458
"XP","CA",4,2037,0.31895554195040452707
"SY","CA",4,714,0.11179884975581189609
"WN","TX",1,125984,31.3900585523856983
"AA","TX",1,91223,22.7290394917154603
"UA","TX",1,56431,14.0602964993148125
"DL","TX",1,29220,7.2804285536314937
"MQ","TX",1,28652,7.1389061916033387
"YV","TX",1,17880,4.4549644948299489
"NK","TX",1,14762,3.6780864582035630
"OO","TX",1,12514,3.1179768282048088
"F9","TX",1,8773,2.1858726797059923
"C5","TX",1,5135,1.2794319172791828
"AS","TX",1,4871,1.2136539180266600
"B6","TX",1,1681,0.41883642705867696524
"G4","TX",1,1555,0.38744238196088202317
"OH","TX",1,1235,0.30771147377600597982
"HA","TX",1,460,0.11461318051575931232
"9E","TX",1,376,0.09368381711722935094
"QX","TX",1,215,0.05356920393671359163
"SY","TX",1,154,0.03837049956397159586
"YX","TX",1,120,0.02989909056932851626
"XP","TX",1,109,0.02715834060047340227
"WN","TX",2,158939,32.1142737065002819
"AA","TX",2,106985,21.6167559408951400
"UA","TX",2,63869,12.9049921501989222
"DL","TX",2,39607,8.0027560176756911
"MQ","TX",2,31621,6.3891521204565614
"YV","TX",2,20001,4.0412836899924634
"OO","TX",2,19577,3.9556127593111572
"NK","TX",2,18462,3.7303224581091375
"F9","TX",2,14896,3.0097976024262654
"AS","TX",2,6986,1.4115498154235963
"C5","TX",2,6153,1.2432387652879170
"G4","TX",2,2722,0.54999121064744189430
"OH","TX",2,1670,0.33743031659854076542
"B6","TX",2,1659,0.33520772169878989810
"HA","TX",2,627,0.12668790928579943708
"9E","TX",2,372,0.07516411842793842200
"SY","TX",2,263,0.05314022351222528222
"QX","TX",2,223,0.04505806024040394652
"YX","TX",2,134,0.02707524696060147459
"XP","TX",2,111,0.02242800307930420656
"MX","TX",2,40,0.00808216327182133570
"WN","TX",3,150004,30.6912299080106066
"AA","TX",3,105979,21.6835941336301437
"UA","TX",3,63921,13.0784119553474973
"DL","TX",3,37212,7.6136772841850264
"MQ","TX",3,34827,7.1256997413821325
"NK","TX",3,22615,4.6270910400366648
"OO","TX",3,19644,4.0192162896520117
"YV","TX",3,16473,3.3704209906046420
"F9","TX",3,15520,3.1754345762267980
"AS","TX",3,7640,1.5631649589157691
"C5","TX",3,7327,1.4991243002586179
"G4","TX",3,2731,0.55877009198939339379
"OH","TX",3,2128,0.43539463777130323763
"B6","TX",3,1541,0.31529282744623039906
"HA","TX",3,572,0.11703276917536910335
"QX","TX",3,205,0.04194356237928438144
"SY","TX",3,169,0.03457786361999541690
"XP","TX",3,111,0.02271090450780764068
"MX","TX",3,57,0.01166235636887419387
"YX","TX",3,53,0.01084394539561986447
"9E","TX",3,23,0.00470586309621239402
"WN","TX",4,146130,30.1566959504219213
"AA","TX",4,109333,22.5629373732120709
"UA","TX",4,67540,13.9381594778039866
"DL","TX",4,36467,7.5256568208036420
"MQ","TX",4,29414,6.0701365543400424
"OO","TX",4,23700,4.8909443237186035
"NK","TX",4,20741,4.2802985746096015
"YV","TX",4,16037,3.3095389923829217
"F9","TX",4,16005,3.3029351857011076
"C5","TX",4,7150,1.4755380554678487
"AS","TX",4,5979,1.2338800047052123
"OH","TX",4,1759,0.36300299854097146124
"G4","TX",4,1609,0.33204765471996764135
"B6","TX",4,1274,0.26291405351972577693
"HA","TX",4,490,0.10112078981527914497
"YX","TX",4,307,0.06335527035365448471
"SY","TX",4,204,0.04209926759656519505
"QX","TX",4,190,0.03921010217327150519
"XP","TX",4,123,0.02538338193322313231
"MX","TX",4,98,0.02022415796305582899
"9E","TX",4,19,0.00392101021732715052
