"rp_carrier","total_itin","avg_itin_fare","avg_fpm","avg_distance"
"WN",4269116,364.0849897262102974,0.24818215112917990516,1968.8451304672911207
"AA",3150004,486.1709318464357506,0.27416627801107554149,2326.0741046678035964
"DL",3027197,546.2002889141340983,0.30368856001112580384,2343.1664031115252823
"UA",2528777,541.7018586455033402,0.26705588863707634165,2546.5471455173785589
"OO",1238661,480.0916836810071521,0.39087743781389742633,1743.9526157681560976
"NK",725666,179.2589841607571527,0.12165728241367240576,1873.9093274316283249
"AS",710677,501.7008584771985023,0.21628322261730715923,3018.0131353624783129
"F9",590972,170.7738979173294166,0.11576289976513269664,1808.7392431451913119
"YX",550462,404.7616511221483045,0.47242969977945798257,1194.1639005053936512
"MQ",529345,485.3699591003976613,0.37732004193862225958,1753.1990176538930187
"B6",499186,419.0981157324123673,0.24226208367221837151,2247.9935675279354790
"OH",433325,454.8612381007327064,0.42786314636819938845,1468.2525102405815496
"9E",363960,486.2861111111111111,0.44628492718980107704,1502.3400263765248928
"G4",343599,150.4789478432707895,0.10317961693718549821,1579.8016961632600793
"YV",171312,456.3204912673951620,0.41242100903614457831,1505.8024481647520314
"QX",162966,418.2966692438913638,0.38596361081452572929,1668.9185290183228403
"HA",158868,606.2858788428129013,0.23100427084120150062,4063.7024951532089533
"PT",153712,480.7090142604350994,0.44386365215467887998,1622.3366555636515041
"MX",121958,199.1604076813329179,0.15066268059495892028,1660.2029879138719887
"C5",90988,461.6592737503846661,0.42499069217918846441,1563.6918055128148767
"G7",73887,464.7087579682488124,0.59837866065749049224,1263.0338354514325930
"ZW",68376,439.7397771147771148,0.42273605212355212355,1581.0864045864045864
"SY",44774,238.2424621432081119,0.14416795238307946576,1861.6475856523875463
"XP",43792,182.9545350748995250,0.14168279822798684691,1422.1116870661308001
"3M",14496,235.0870584988962472,0.66593220888520971302,550.7046081677704194
