"coupons","total_itin","avg_itin_fare","avg_fpm","avg_distance"
1,3533913,293.9349961360112714,0.37803360699598433804,1069.4418954286650520
2,10604511,421.6631412801589814,0.28618314693624251038,1891.1618230204108421
3,1182833,495.9802930760301750,0.22045202720925101007,2758.2789582299445484
4,4411100,569.8845528326267824,0.21919031661036929564,3157.5364088322640611
5,236291,710.2341392604881269,0.20271251380712765192,4278.5978052486129391
6,88009,964.2334988467088593,0.21293088547762160688,5261.3019123044234112
7,6850,1212.6343065693430657,0.23973735766423357664,5948.3375182481751825
8,2002,1393.9180819180819181,0.25069000999000999001,6580.3641358641358641
9,434,1369.0483870967741935,0.23418179723502304147,7204.3087557603686636
10,101,1713.1980198019801980,0.27199702970297029703,7603.0891089108910891
11,25,1672.4800000000000000,0.26508400000000000000,8358.3200000000000000
12,6,2141.5000000000000000,0.27055000000000000000,10793.0000000000000000
13,1,3829.0000000000000000,0.36230000000000000000,10905.0000000000000000
