"distance_group","total_itin","avg_itin_fare","avg_fpm","avg_distance"
1,1049593,269.7565770732083770,0.80733791298150807027,360.9870311635081408
2,3386516,318.2108272927102662,0.42695760699196460315,770.3962786533416644
3,3645342,366.3014172607124380,0.29888829067341281010,1236.8052885024230923
4,3249766,410.1377296088395288,0.23600716085404302956,1750.3447737467866917
5,2939892,443.5374843701741425,0.19897876945819778414,2240.9853634079075014
6,1615955,482.5089671432682222,0.17779822377479570904,2722.2966901924867957
7,1067980,555.9443987715125751,0.17236487246952190116,3237.0143485833068035
8,797162,605.2682541315316084,0.16204966456002669470,3748.5159892217642085
9,684378,634.2811078088424818,0.14991332406944700151,4246.6592321787082577
10,735411,703.7883034112897414,0.14806922346823748897,4766.0188398052245615
11,488310,726.3201818516925723,0.14023458499723536278,5212.2104994777907477
12,125326,729.2087196591289916,0.12909982126613791232,5706.7741410401672438
13,46218,768.0769180838634298,0.12456230040244060756,6227.5756847981305985
14,39605,884.9159954551193031,0.13204948365105415983,6742.9322560282792577
15,22136,904.5482020238525479,0.12511938471268521865,7272.6971900975786050
16,38356,1014.0422619668370007,0.13164378193763687559,7730.0123579101053290
17,29435,1043.5170375403431289,0.12676097502972651605,8252.3973161202649907
18,23250,1070.1364731182795699,0.12282409032258064516,8734.7128172043010753
19,21948,1206.8908328777109532,0.13150823309640969564,9223.4853289593584837
20,33831,1248.5314947828914309,0.12808793118737252815,9780.3553249977830983
21,19382,1199.9242080280672789,0.11837364049117738108,10197.7199979362294913
22,2797,1308.9717554522702896,0.12405892027171969968,10658.948516267429
23,554,1283.1931407942238267,0.11636732851985559567,11180.678700361011
24,235,1261.7617021276595745,0.11071914893617021277,11764.382978723404
25,2698,2638.3795404002965159,0.17915548554484803558,14851.236842105263
