"origin_state","total_itin","avg_itin_fare","avg_fpm","avg_distance"
"CA",2450120,466.8554678954500188,0.25172014872740926975,2538.7317466083293879
"TX",1869588,438.7751627631328400,0.29245428671985485572,1918.9291239567220158
"FL",1830990,386.7926340395086811,0.24203828939535442575,1954.9170235774089427
"NY",1020491,448.2467420094836701,0.30201666785890321424,2065.0241364206053753
"IL",766498,419.5097638871856156,0.31001671002403137386,1825.9775772409060428
"VA",760622,467.8899006339548422,0.34138359960663772544,2023.4454893495060621
"CO",651669,419.0537895772240202,0.25784311989675740291,1980.1852903851495161
"NC",641793,446.0320929022286002,0.34968542754439515545,1854.3086602689652271
"PA",576833,449.0630910506160362,0.30464164428872828011,2094.5299991505340367
"AZ",563110,426.0751061071549076,0.25223699046367494806,2221.6432437711992328
"WA",555514,463.8380616870141887,0.24118786907260663098,2578.2095356732683605
"GA",535887,472.7056711582852355,0.36767484171103236317,1768.6221348903780088
"TN",488152,425.5617553548894607,0.31488894524656254609,1775.4910826955538439
"MO",469787,424.4593698846498520,0.27933636435235542916,1899.5499683899299044
"MA",434551,464.2685300459554805,0.28609953584274342942,2375.7582953439297114
"MI",434261,478.0741811951798573,0.33609693341101319253,1975.6760772899247227
"NV",417648,363.8414526108110179,0.25511996801133969276,2065.3215458951078420
"NJ",411183,531.3757524022150721,0.30807358159262420869,2298.6277813041881595
"OH",410259,412.7632519944717849,0.29575966669835396664,1945.6996653333625831
"OR",369157,439.4447999089818153,0.23195113515387761847,2542.3951760362122349
"MN",304836,477.5673575299505308,0.30267020201026125523,2020.1820224645383091
"KY",296763,421.2791587900108841,0.30024161199340888183,1876.1153075012720588
"UT",274128,468.2418760578999591,0.27369785136870367128,2250.8290798459113991
"MD",273117,414.9518338294577049,0.26100028449345884731,2221.3536030345968944
"SC",262885,410.7880403978926146,0.31734672423302965175,1691.2852654202407897
"LA",250884,412.9902345306994468,0.28668909735176416192,1804.0587841392834936
"IN",248407,435.5856437217952795,0.28401113414678330321,1981.3948278430156960
"WI",248264,450.4650573582960075,0.28375520615151612799,2046.7071987883865562
"HI",245570,519.3206010506169320,0.21062620026876247099,3920.5204218756362748
"OK",189738,433.7127828900905459,0.27705493522647018520,1922.5572789847052251
"CT",148521,406.8780509153587708,0.22794158940486530524,2249.7828724557469987
"AL",145446,508.4849016129697620,0.36024537079053394387,1832.3160898202769413
"ID",133990,453.1615344428688708,0.27518864168967833420,2164.4383536084782446
"MT",130965,472.1316687664643225,0.25385911579429618600,2226.9961745504524109
"NE",129830,436.8400369714241701,0.26205693137179388431,2001.2783717168605099
"AK",125705,558.8530766477069329,0.25815117696193468836,3396.9757925301300664
"NM",121612,421.7445975726079663,0.25853210373976252344,2029.8739598065980331
"PR",121591,355.5125955046014919,0.16340484493095706097,2637.7303912296140339
"AR",116550,468.9366108966108966,0.30877462548262548263,1870.6878507078507079
"IA",110760,429.4940411700975081,0.25940120079451065367,2038.8293246659443843
"RI",84515,378.5368277820505236,0.25365671537596876294,2002.6123291723362717
"ME",73736,440.1494792231745687,0.29177757133557556689,2050.2717532819789519
"ND",60297,532.8190457236678442,0.27351243013748611042,2323.1290113936016717
"KS",55063,447.2029675099431560,0.27736607159072335325,1946.7715707462361295
"MS",53895,484.8610075146117451,0.33157357268763336117,1823.0631598478523054
"SD",52116,480.1801941822089186,0.27184526824775500806,2128.9205234476936066
