"rp_carrier","segment_count","avg_segment_distance"
"HA",251724,1880.3646175970507381
"AS",1065059,1404.9003228929101580
"B6",576202,1280.0966761656502407
"SY",42101,1163.2859789553692311
"UA",4160919,1100.8124907021742072
"NK",841133,1014.5639417309747686
"MX",144856,1014.1503907328657425
"G4",471494,935.9839743453787323
"F9",768762,924.5445833691051327
"AA",5718247,907.5434697032149888
"DL",5732707,898.6013429606641330
"WN",7909714,820.7962064115086841
"XP",67476,802.6629912857905033
"QX",276322,730.3027699567895426
"OO",2350480,671.0855906027704979
"YV",269815,664.7669032485221355
"MQ",1038754,662.0538866757673135
"C5",167069,598.0032202263735343
"9E",698923,590.1549011836783165
"YX",826561,575.0670041291568317
"ZW",148250,554.0046947723440135
"OH",880426,543.3576461849150298
"PT",352576,539.0022718506080958
"G7",117992,537.8723472777815445
"3M",12264,261.5909165035877365
